{"cameraMode":{"drawMode":0,"name":"Shaded","section":"Shading Mode"},"sceneLighting":true,"audioPlay":false,"sceneViewState":{"showFog":true,"showMaterialUpdate":false,"showSkybox":false,"showFlares":true,"showImageEffects":true,"showParticleSystems":true},"in2DMode":false,"pivot":{"x":1.1920928955078126e-7,"y":0.6850617527961731,"z":3.725290298461914e-7},"rotation":{"x":0.06407980620861054,"y":0.8899216055870056,"z":-0.13205154240131379,"w":0.4318597614765167},"size":0.422909140586853,"orthographic":false}