{"cameraMode":{"drawMode":0,"name":"Shaded","section":"Shading Mode"},"sceneLighting":true,"audioPlay":false,"sceneViewState":{"showFog":true,"showMaterialUpdate":false,"showSkybox":true,"showFlares":true,"showImageEffects":true,"showParticleSystems":true},"in2DMode":false,"pivot":{"x":1.1825566291809083,"y":1.726744532585144,"z":-0.07621216773986817},"rotation":{"x":-0.00029792767600156367,"y":-0.999194860458374,"z":-0.007493867073208094,"w":0.0395795963704586},"size":1.8038148880004883,"orthographic":false}