{"cameraMode":{"drawMode":0,"name":"Shaded","section":"Shading Mode"},"sceneLighting":true,"audioPlay":false,"sceneViewState":{"showFog":true,"showMaterialUpdate":false,"showSkybox":true,"showFlares":true,"showImageEffects":true,"showParticleSystems":true},"in2DMode":false,"pivot":{"x":1.897168755531311,"y":0.017107844352722169,"z":-2.425131320953369},"rotation":{"x":-0.000148882667417638,"y":0.9661435484886169,"z":-0.2580498456954956,"w":-0.0005833765608258545},"size":3.2655134201049806,"orthographic":false}