{"cameraMode":{"drawMode":0,"name":"Shaded","section":"Shading Mode"},"sceneLighting":true,"audioPlay":false,"sceneViewState":{"showFog":true,"showMaterialUpdate":false,"showSkybox":true,"showFlares":true,"showImageEffects":true,"showParticleSystems":true},"in2DMode":false,"pivot":{"x":1.3488564491271973,"y":0.6728032827377319,"z":-1.6817255020141602},"rotation":{"x":-0.00023053221229929477,"y":0.9940153360366821,"z":-0.10928165912628174,"w":-0.002089647576212883},"size":0.9907476305961609,"orthographic":false}