{"cameraMode":{"drawMode":0,"name":"Shaded","section":"Shading Mode"},"sceneLighting":true,"audioPlay":false,"sceneViewState":{"showFog":true,"showMaterialUpdate":false,"showSkybox":true,"showFlares":true,"showImageEffects":true,"showParticleSystems":true},"in2DMode":false,"pivot":{"x":0.015142679214477539,"y":0.7745795845985413,"z":0.01781294122338295},"rotation":{"x":0.0766528844833374,"y":-0.6989757418632507,"z":0.07578376680612564,"w":0.7069785594940186},"size":0.4513601064682007,"orthographic":false}